{"cameraMode":{"drawMode":0,"name":"Shaded","section":"Shading Mode"},"sceneLighting":false,"audioPlay":false,"sceneViewState":{"m_AlwaysRefresh":false,"showFog":false,"showSkybox":false,"showFlares":false,"showImageEffects":false,"showParticleSystems":false,"showVisualEffectGraphs":true,"m_FxEnabled":true},"in2DMode":false,"pivot":{"x":-0.28701379895210268,"y":0.8642901182174683,"z":-1.0216262340545655},"rotation":{"x":0.00057794718304649,"y":0.9977051615715027,"z":-0.06775656342506409,"w":0.00777457607910037},"size":1.6134791374206544,"orthographic":false}