{"cameraMode":{"drawMode":0,"name":"Shaded","section":"Shading Mode"},"sceneLighting":true,"audioPlay":false,"sceneViewState":{"m_AlwaysRefresh":false,"showFog":true,"showSkybox":true,"showFlares":true,"showImageEffects":true,"showParticleSystems":true,"showVisualEffectGraphs":true,"m_FxEnabled":true},"in2DMode":false,"pivot":{"x":-18.001880645751954,"y":0.10820198059082031,"z":28.339702606201173},"rotation":{"x":0.07071379572153092,"y":-0.35994258522987368,"z":0.02737404592335224,"w":0.9298987984657288},"size":20.170663833618165,"orthographic":false}